1,一
2,乙
3,二
4,十
5,丁
6,厂
7,七
8,卜
9,八
10,人
11,入
12,儿
13,匕
14,几
15,九
16,刁
17,了
18,刀
19,力
20,乃
21,又
22,三
23,干
24,于
25,亏
26,工
27,土
28,士
29,才
30,下
31,寸
32,大
33,丈
34,与
35,万
36,上
37,小
38,口
39,山
40,巾
41,千
42,乞
43,川
44,亿
45,个
46,夕
47,久
48,么
49,勺
50,凡
51,丸
52,及
53,广
54,亡
55,门
56,义
57,之
58,尸
59,己
60,已
61,弓
62,子
63,卫
64,也
65,女
66,刃
67,飞
68,习
69,叉
70,马
71,乡
72,丰
73,王
74,开
75,井
76,天
77,夫
78,元
79,无
80,云
81,专
82,丐
83,扎
84,艺
85,木
86,五
87,支
88,厅
89,不
90,犬
91,太
92,区
93,历
94,歹
95,友
96,尤
97,匹
98,车
99,巨
100,牙
101,屯
102,戈
103,比
104,互
105,切
106,瓦
107,止
108,少
109,日
110,中
111,贝
112,冈
113,内
114,水
115,见
116,午
117,牛
118,手
119,气
120,毛
121,升
122,夭
123,长
124,仁
125,什
126,片
127,仆
128,化
129,仇
130,币
131,仍
132,仅
133,斤
134,爪
135,反
136,介
137,父
138,从
139,仑
140,今
141,凶
142,分
143,乏
144,公
145,仓
146,月
147,氏
148,勿
149,欠
150,风
151,丹
152,匀
153,乌
154,勾
155,凤
156,六
157,文
158,方
159,火
160,为
161,斗
162,忆
163,计
164,订
165,户
166,认
167,冗
168,讥
169,心
170,尺
171,引
172,丑
173,巴
174,孔
175,队
176,办
177,以
178,允
179,予
180,邓
181,劝
182,双
183,书
184,幻
185,玉
186,刊
187,未
188,末
189,示
190,击
191,打
192,巧
193,正
194,扑
195,扒
196,功
197,扔
198,去
199,甘
200,世
201,艾
202,古
203,节
204,本
205,术
206,可
207,丙
208,左
209,厉
210,石
211,右
212,布
213,夯
214,龙
215,平
216,灭
217,轧
218,东
219,卡
220,北
221,占
222,凸
223,卢
224,业
225,旧
226,帅
227,归
228,旦
229,目
230,且
231,叶
232,甲
233,申
234,叮
235,电
236,号
237,田
238,由
239,只
240,叭
241,史
242,央
243,兄
244,叽
245,叼
246,叫
247,叨
248,另
249,叹
250,皿
251,凹
252,囚
253,四
254,生
255,矢
256,失
257,乍
258,禾
259,丘
260,付
261,仗
262,代
263,仙
264,们
265,仪
266,白
267,仔
268,他
269,斥
270,瓜
271,乎
272,丛
273,令
274,用
275,甩
276,印
277,尔
278,乐
279,句
280,匆
281,册
282,犯
283,外
284,处
285,冬
286,鸟
287,务
288,包
289,饥
290,主
291,市
292,立
293,冯
294,玄
295,闪
296,兰
297,半
298,汁
299,汇
300,头
301,汉
302,宁
303,穴
304,它
305,讨
306,写
307,让
308,礼
309,训
310,议
311,必
312,讯
313,记
314,永
315,司
316,尼
317,民
318,出
319,辽
320,奶
321,奴
322,召
323,加
324,皮
325,边
326,孕
327,发
328,圣
329,对
330,台
331,矛
332,纠
333,母
334,幼
335,丝
336,邦
337,式
338,迂
339,刑
340,邢
341,动
342,扛
343,寺
344,吉
345,扣
346,考
347,托
348,老
349,巩
350,圾
351,执
352,扩
353,扫
354,地
355,场
356,扬
357,耳
358,芋
359,共
360,芍
361,芒
362,亚
363,芝
364,朽
365,朴
366,机
367,权
368,过
369,臣
370,吏
371,再
372,协
373,西
374,压
375,厌
376,在
377,百
378,有
379,存
380,而
381,页
382,匠
383,夸
384,夺
385,灰
386,达
387,列
388,死
389,成
390,夹
391,夷
392,轨
393,邪
394,划
395,迈
396,毕
397,至
398,此
399,贞
400,师
401,尘
402,尖
403,劣
404,光
405,当
406,早
407,吁
408,吐
409,吓
410,虫
411,曲
412,团
413,吕
414,同
415,吊
416,吃
417,因
418,吸
419,吗
420,吆
421,屿
422,屹
423,岁
424,帆
425,回
426,岂
427,则
428,刚
429,网
430,肉
431,年
432,朱
433,先
434,丢
435,廷
436,舌
437,竹
438,迁
439,乔
440,迄
441,伟
442,传
443,乒
444,乓
445,休
446,伍
447,伏
448,优
449,臼
450,伐
451,延
452,仲
453,件
454,任
455,伤
456,价
457,伦
458,份
459,华
460,仰
461,仿
462,伙
463,伪
464,自
465,伊
466,血
467,向
468,似
469,后
470,行
471,舟
472,全
473,会
474,杀
475,合
476,兆
477,企
478,众
479,爷
480,伞
481,创
482,肌
483,肋
484,朵
485,杂
486,危
487,旬
488,旨
489,旭
490,负
491,匈
492,名
493,各
494,多
495,凫
496,争
497,色
498,壮
499,冲
500,妆
501,冰
502,庄
503,庆
504,亦
505,刘
506,齐
507,交
508,衣
509,次
510,产
511,决
512,亥
513,充
514,妄
515,闭
516,问
517,闯
518,羊
519,并
520,关
521,米
522,灯
523,州
524,汗
525,污
526,江
527,汛
528,池
529,汤
530,忙
531,兴
532,宇
533,守
534,宅
535,字
536,安
537,讲
538,讳
539,军
540,讶
541,许
542,讹
543,论
544,讼
545,农
546,讽
547,设
548,访
549,诀
550,寻
551,那
552,迅
553,尽
554,导
555,异
556,弛
557,阱
558,孙
559,阵
560,阳
561,收
562,阶
563,阴
564,防
565,奸
566,如
567,妇
568,好
569,她
570,妈
571,戏
572,羽
573,观
574,欢
575,买
576,红
577,驮
578,纤
579,驯
580,约
581,级
582,纪
583,驰
584,纫
585,巡
586,寿
587,弄
588,麦
589,玖
590,玛
591,形
592,进
593,戒
594,吞
595,远
596,违
597,韧
598,运
599,扶
600,抚
601,坛
602,技
603,坏
604,抠
605,扰
606,扼
607,拒
608,找
609,批
610,址
611,扯
612,走
613,抄
614,贡
615,汞
616,坝
617,攻
618,赤
619,折
620,抓
621,扳
622,抡
623,扮
624,抢
625,孝
626,坎
627,均
628,坞
629,抑
630,抛
631,投
632,坟
633,坑
634,抗
635,坊
636,抖
637,护
638,壳
639,志
640,块
641,扭
642,声
643,把
644,报
645,拟
646,却
647,抒
648,劫
649,芙
650,芜
651,苇
652,芽
653,花
654,芹
655,芥
656,芬
657,苍
658,芳
659,严
660,芦
661,芯
662,劳
663,克
664,芭
665,苏
666,杆
667,杠
668,杜
669,材
670,村
671,杖
672,杏
673,杉
674,巫
675,极
676,李
677,杨
678,杈
679,求
680,甫
681,匣
682,更
683,束
684,豆
685,两
686,丽
687,医
688,辰
689,励
690,否
691,还
692,歼
693,来
694,连
695,轩
696,步
697,卤
698,坚
699,肖
700,旱
701,盯
702,呈
703,时
704,吴
705,助
706,县
707,里
708,呆
709,吱
710,吠
711,呕
712,园
713,旷
714,围
715,呀
716,吨
717,足
718,邮
719,男
720,困
721,吵
722,串
723,员
724,呐
725,听
726,吟
727,吩
728,呛
729,吻
730,吹
731,呜
732,吭
733,吧
734,邑
735,吼
736,囤
737,别
738,吮
739,岖
740,岗
741,帐
742,财
743,针
744,钉
745,牡
746,告
747,我
748,乱
749,利
750,秃
751,秀
752,私
753,每
754,兵
755,估
756,体
757,何
758,佑
759,但
760,伸
761,佃
762,作
763,伯
764,伶
765,佣
766,低
767,你
768,住
769,位
770,伴
771,身
772,皂
773,伺
774,佛
775,囱
776,近
777,彻
778,役
779,返
780,余
781,希
782,坐
783,谷
784,妥
785,含
786,邻
787,岔
788,肝
789,肛
790,肚
791,肘
792,肠
793,龟
794,甸
795,免
796,狂
797,犹
798,狈
799,角
800,删
801,鸠
802,条
803,彤
804,卵
805,灸
806,岛
807,刨
808,迎
809,饭
810,饮
811,系
812,言
813,冻
814,状
815,亩
816,况
817,床
818,库
819,庇
820,疗
821,吝
822,应
823,这
824,冷
825,庐
826,序
827,辛
828,弃
829,冶
830,忘
831,闰
832,闲
833,间
834,闷
835,判
836,兑
837,灶
838,灿
839,灼
840,弟
841,汪
842,沐
843,沛
844,汰
845,沥
846,沙
847,汽
848,沃
849,沦
850,汹
851,泛
852,沧
853,没
854,沟
855,沪
856,沈
857,沉
858,怀
859,忧
860,忱
861,快
862,完
863,宋
864,宏
865,牢
866,究
867,穷
868,灾
869,良
870,证
871,启
872,评
873,补
874,初
875,社
876,诅
877,识
878,诈
879,诉
880,罕
881,诊
882,词
883,译
884,君
885,灵
886,即
887,层
888,屁
889,尿
890,尾
891,迟
892,局
893,改
894,张
895,忌
896,际
897,陆
898,阿
899,陈
900,阻
901,附
902,坠
903,妓
904,妙
905,妖
906,姊
907,妨
908,妒
909,努
910,忍
911,劲
912,鸡
913,纬
914,驱
915,纯
916,纱
917,纲
918,纳
919,驳
920,纵
921,纷
922,纸
923,纹
924,纺
925,驴
926,纽
927,奉
928,玩
929,环
930,武
931,青
932,责
933,现
934,玫
935,表
936,规
937,抹
938,卦
939,坷
940,坯
941,拓
942,拢
943,拔
944,坪
945,拣
946,坦
947,担
948,坤
949,押
950,抽
951,拐
952,拖
953,者
954,拍
955,顶
956,拆
957,拥
958,抵
959,拘
960,势
961,抱
962,拄
963,垃
964,拉
965,拦
966,幸
967,拌
968,拧
969,拂
970,拙
971,招
972,坡
973,披
974,拨
975,择
976,抬
977,拇
978,拗
979,其
980,取
981,茉
982,苦
983,昔
984,苛
985,若
986,茂
987,苹
988,苫
989,苗
990,英
991,苟
992,苞
993,范
994,直
995,茁
996,茄
997,茎
998,苔
999,茅
1000,枉
1001,林
1002,枝
1003,杯
1004,枢
1005,柜
1006,枚
1007,析
1008,板
1009,松
1010,枪
1011,枫
1012,构
1013,杭
1014,杰
1015,述
1016,枕
1017,丧
1018,或
1019,画
1020,卧
1021,事
1022,刺
1023,枣
1024,雨
1025,卖
1026,郁
1027,矾
1028,矿
1029,码
1030,厕
1031,奈
1032,奔
1033,奇
1034,奄
1035,奋
1036,态
1037,欧
1038,殴
1039,垄
1040,妻
1041,轰
1042,顷
1043,转
1044,斩
1045,轮
1046,软
1047,到
1048,非
1049,叔
1050,歧
1051,肯
1052,齿
1053,些
1054,卓
1055,虎
1056,虏
1057,肾
1058,贤
1059,尚
1060,旺
1061,具
1062,昙
1063,味
1064,果
1065,昆
1066,国
1067,哎
1068,咕
1069,昌
1070,呵
1071,畅
1072,明
1073,易
1074,咙
1075,昂
1076,典
1077,固
1078,忠
1079,呻
1080,咒
1081,咐
1082,呼
1083,鸣
1084,咆
1085,咏
1086,呢
1087,咖
1088,岸
1089,岩
1090,帖
1091,罗
1092,帜
1093,帕
1094,岭
1095,凯
1096,败
1097,账
1098,贩
1099,贬
1100,购
1101,贮
1102,图
1103,钓
1104,制
1105,知
1106,氛
1107,垂
1108,牧
1109,物
1110,乖
1111,刮
1112,秆
1113,和
1114,季
1115,委
1116,秉
1117,佳
1118,侍
1119,岳
1120,供
1121,使
1122,例
1123,侠
1124,侥
1125,版
1126,侄
1127,侦
1128,侣
1129,侧
1130,凭
1131,侨
1132,佩
1133,货
1134,侈
1135,依
1136,卑
1137,的
1138,迫
1139,质
1140,欣
1141,征
1142,往
1143,爬
1144,彼
1145,径
1146,所
1147,舍
1148,金
1149,刽
1150,刹
1151,命
1152,肴
1153,斧
1154,爸
1155,采
1156,觅
1157,受
1158,乳
1159,贪
1160,念
1161,贫
1162,忿
1163,瓮
1164,肤
1165,肺
1166,肢
1167,肿
1168,胀
1169,朋
1170,股
1171,肮
1172,肪
1173,肥
1174,服
1175,胁
1176,周
1177,昏
1178,鱼
1179,兔
1180,狐
1181,忽
1182,狗
1183,狞
1184,备
1185,饰
1186,饱
1187,饲
1188,变
1189,京
1190,享
1191,庞
1192,店
1193,夜
1194,庙
1195,府
1196,底
1197,疟
1198,疙
1199,疚
1200,剂
1201,卒
1202,郊
1203,废
1204,净
1205,盲
1206,放
1207,刻
1208,育
1209,氓
1210,闸
1211,闹
1212,郑
1213,券
1214,卷
1215,单
1216,炬
1217,炒
1218,炊
1219,炕
1220,炎
1221,炉
1222,沫
1223,浅
1224,法
1225,泄
1226,沽
1227,河
1228,沾
1229,泪
1230,沮
1231,油
1232,泊
1233,沿
1234,泡
1235,注
1236,泣
1237,泞
1238,泻
1239,泌
1240,泳
1241,泥
1242,沸
1243,沼
1244,波
1245,泼
1246,泽
1247,治
1248,怔
1249,怯
1250,怖
1251,性
1252,怕
1253,怜
1254,怪
1255,学
1256,宝
1257,宗
1258,定
1259,宠
1260,宜
1261,审
1262,宙
1263,官
1264,空
1265,帘
1266,宛
1267,实
1268,试
1269,郎
1270,诗
1271,肩
1272,房
1273,诚
1274,衬
1275,衫
1276,衩
1277,视
1278,祈
1279,话
1280,诞
1281,诡
1282,询
1283,该
1284,详
1285,建
1286,肃
1287,录
1288,隶
1289,帚
1290,屉
1291,居
1292,届
1293,刷
1294,屈
1295,弧
1296,弥
1297,弦
1298,承
1299,孟
1300,陋
1301,陌
1302,孤
1303,陕
1304,降
1305,函
1306,限
1307,妹
1308,姑
1309,姐
1310,姓
1311,始
1312,姆
1313,虱
1314,驾
1315,叁
1316,参
1317,艰
1318,线
1319,练
1320,组
1321,绅
1322,细
1323,驶
1324,织
1325,驹
1326,终
1327,驻
1328,绊
1329,驼
1330,绍
1331,绎
1332,经
1333,贯
1334,契
1335,贰
1336,奏
1337,春
1338,帮
1339,玷
1340,珍
1341,玲
1342,珊
1343,玻
1344,毒
1345,型
1346,拭
1347,挂
1348,封
1349,持
1350,拷
1351,拱
1352,项
1353,垮
1354,挎
1355,城
1356,挟
1357,挠
1358,政
1359,赴
1360,赵
1361,挡
1362,挺
1363,括
1364,垢
1365,拴
1366,拾
1367,挑
1368,垛
1369,指
1370,垫
1371,挣
1372,挤
1373,拼
1374,挖
1375,按
1376,挥
1377,挪
1378,拯
1379,某
1380,甚
1381,荆
1382,茸
1383,革
1384,茬
1385,荐
1386,巷
1387,荚
1388,带
1389,草
1390,茧
1391,茵
1392,茴
1393,荞
1394,茶
1395,荠
1396,荒
1397,茫
1398,荡
1399,荣
1400,荤
1401,荧
1402,故
1403,胡
1404,荔
1405,南
1406,药
1407,标
1408,栈
1409,柑
1410,枯
1411,柄
1412,栋
1413,相
1414,查
1415,柏
1416,栅
1417,柳
1418,柱
1419,柿
1420,栏
1421,柠
1422,枷
1423,树
1424,勃
1425,要
1426,柬
1427,咸
1428,威
1429,歪
1430,研
1431,砖
1432,厘
1433,厚
1434,砌
1435,砂
1436,泵
1437,砚
1438,砍
1439,面
1440,耐
1441,耍
1442,牵
1443,鸥
1444,残
1445,殃
1446,轴
1447,轻
1448,鸦
1449,皆
1450,韭
1451,背
1452,战
1453,点
1454,虐
1455,临
1456,览
1457,竖
1458,省
1459,削
1460,尝
1461,昧
1462,盹
1463,是
1464,盼
1465,眨
1466,哄
1467,哑
1468,显
1469,冒
1470,映
1471,星
1472,昨
1473,咧
1474,昵
1475,昭
1476,畏
1477,趴
1478,胃
1479,贵
1480,界
1481,虹
1482,虾
1483,蚁
1484,思
1485,蚂
1486,盅
1487,虽
1488,品
1489,咽
1490,骂
1491,勋
1492,哗
1493,咱
1494,响
1495,哈
1496,哆
1497,咬
1498,咳
1499,咪
1500,哪
1501,哟
1502,炭
1503,峡
1504,罚
1505,贱
1506,贴
1507,骨
1508,幽
1509,钙
1510,钝
1511,钞
1512,钟
1513,钢
1514,钠
1515,钥
1516,钦
1517,钧
1518,钩
1519,钮
1520,卸
1521,缸
1522,拜
1523,看
1524,矩
1525,毡
1526,氢
1527,怎
1528,牲
1529,选
1530,适
1531,秕
1532,秒
1533,香
1534,种
1535,秋
1536,科
1537,重
1538,复
1539,竿
1540,段
1541,便
1542,俩
1543,贷
1544,顺
1545,修
1546,俏
1547,保
1548,促
1549,俄
1550,俐
1551,侮
1552,俭
1553,俗
1554,俘
1555,信
1556,皇
1557,泉
1558,鬼
1559,侵
1560,侯
1561,追
1562,俊
1563,盾
1564,待
1565,徊
1566,衍
1567,律
1568,很
1569,须
1570,叙
1571,剑
1572,逃
1573,食
1574,盆
1575,胚
1576,胧
1577,胆
1578,胜
1579,胞
1580,胖
1581,脉
1582,胎
1583,勉
1584,狭
1585,狮
1586,独
1587,狰
1588,狡
1589,狱
1590,狠
1591,贸
1592,怨
1593,急
1594,饵
1595,饶
1596,蚀
1597,饺
1598,饼
1599,峦
1600,弯
1601,将
1602,奖
1603,哀
1604,亭
1605,亮
1606,度
1607,奕
1608,迹
1609,庭
1610,疮
1611,疯
1612,疫
1613,疤
1614,咨
1615,姿
1616,亲
1617,音
1618,飒
1619,帝
1620,施
1621,闺
1622,闻
1623,闽
1624,阀
1625,阁
1626,差
1627,养
1628,美
1629,姜
1630,叛
1631,送
1632,类
1633,迷
1634,籽
1635,娄
1636,前
1637,首
1638,逆
1639,总
1640,炼
1641,炸
1642,烁
1643,炮
1644,炫
1645,烂
1646,剃
1647,洼
1648,洁
1649,洪
1650,洒
1651,柒
1652,浇
1653,浊
1654,洞
1655,测
1656,洗
1657,活
1658,涎
1659,派
1660,洽
1661,染
1662,洛
1663,济
1664,洋
1665,洲
1666,浑
1667,浓
1668,津
1669,恃
1670,恒
1671,恢
1672,恍
1673,恬
1674,恤
1675,恰
1676,恼
1677,恨
1678,举
1679,觉
1680,宣
1681,宦
1682,室
1683,宫
1684,宪
1685,突
1686,穿
1687,窃
1688,客
1689,诫
1690,冠
1691,诬
1692,语
1693,扁
1694,袄
1695,祖
1696,神
1697,祝
1698,祠
1699,误
1700,诱
1701,诲
1702,说
1703,诵
1704,垦
1705,退
1706,既
1707,屋
1708,昼
1709,屏
1710,屎
1711,费
1712,陡
1713,逊
1714,眉
1715,孩
1716,陨
1717,除
1718,险
1719,院
1720,娃
1721,姥
1722,姨
1723,姻
1724,娇
1725,姚
1726,娜
1727,怒
1728,架
1729,贺
1730,盈
1731,勇
1732,怠
1733,蚤
1734,柔
1735,垒
1736,绑
1737,绒
1738,结
1739,绕
1740,骄
1741,绘
1742,给
1743,骆
1744,络
1745,绝
1746,绞
1747,骇
1748,统
1749,耕
1750,耘
1751,耗
1752,耙
1753,艳
1754,泰
1755,秦
1756,珠
1757,班
1758,素
1759,匿
1760,蚕
1761,顽
1762,盏
1763,匪
1764,捞
1765,栽
1766,捕
1767,埂
1768,捂
1769,振
1770,载
1771,赶
1772,起
1773,盐
1774,捎
1775,捍
1776,捏
1777,埋
1778,捉
1779,捆
1780,捐
1781,损
1782,袁
1783,捌
1784,都
1785,哲
1786,逝
1787,捡
1788,挫
1789,换
1790,挽
1791,挚
1792,热
1793,恐
1794,捣
1795,壶
1796,捅
1797,埃
1798,挨
1799,耻
1800,耿
1801,耽
1802,聂
1803,荸
1804,恭
1805,莽
1806,莱
1807,莲
1808,莫
1809,莉
1810,荷
1811,获
1812,晋
1813,恶
1814,莹
1815,莺
1816,真
1817,框
1818,梆
1819,桂
1820,栖
1821,档
1822,桐
1823,株
1824,桥
1825,桦
1826,栓
1827,桃
1828,桅
1829,格
1830,桩
1831,校
1832,核
1833,样
1834,根
1835,索
1836,哥
1837,速
1838,逗
1839,栗
1840,贾
1841,酌
1842,配
1843,翅
1844,辱
1845,唇
1846,夏
1847,砸
1848,砰
1849,砾
1850,础
1851,破
1852,原
1853,套
1854,逐
1855,烈
1856,殊
1857,殉
1858,顾
1859,轿
1860,较
1861,顿
1862,毙
1863,致
1864,柴
1865,桌
1866,虑
1867,监
1868,紧
1869,党
1870,逞
1871,晒
1872,眠
1873,晓
1874,哮
1875,唠
1876,鸭
1877,晃
1878,哺
1879,晌
1880,剔
1881,晕
1882,蚌
1883,蚜
1884,畔
1885,蚣
1886,蚊
1887,蚪
1888,蚓
1889,哨
1890,哩
1891,圃
1892,哭
1893,恩
1894,鸯
1895,唤
1896,唁
1897,哼
1898,唧
1899,啊
1900,唉
1901,唆
1902,罢
1903,峭
1904,峰
1905,圆
1906,峻
1907,贼
1908,贿
1909,赂
1910,赃
1911,钱
1912,钳
1913,钻
1914,钾
1915,铁
1916,铃
1917,铅
1918,铆
1919,缺
1920,氧
1921,氨
1922,特
1923,牺
1924,造
1925,乘
1926,敌
1927,秫
1928,秤
1929,租
1930,积
1931,秧
1932,秩
1933,称
1934,秘
1935,透
1936,笔
1937,笑
1938,笋
1939,笆
1940,债
1941,借
1942,值
1943,倚
1944,俺
1945,倾
1946,倒
1947,倘
1948,俱
1949,倡
1950,候
1951,赁
1952,俯
1953,倍
1954,倦
1955,健
1956,臭
1957,射
1958,躬
1959,息
1960,倔
1961,徒
1962,徐
1963,殷
1964,舰
1965,舱
1966,般
1967,航
1968,途
1969,拿
1970,耸
1971,爹
1972,舀
1973,爱
1974,豺
1975,豹
1976,颁
1977,颂
1978,翁
1979,胯
1980,胰
1981,脆
1982,脂
1983,胸
1984,胳
1985,脏
1986,脐
1987,胶
1988,脑
1989,脓
1990,逛
1991,狸
1992,狼
1993,卿
1994,逢
1995,鸵
1996,留
1997,鸳
1998,皱
1999,饿
2000,馁
2001,凌
2002,凄
2003,恋
2004,桨
2005,浆
2006,衰
2007,衷
2008,高
2009,郭
2010,席
2011,准
2012,座
2013,症
2014,病
2015,疾
2016,斋
2017,疹
2018,疼
2019,疲
2020,脊
2021,效
2022,离
2023,紊
2024,唐
2025,瓷
2026,资
2027,凉
2028,站
2029,剖
2030,竞
2031,部
2032,旁
2033,旅
2034,畜
2035,阅
2036,羞
2037,羔
2038,瓶
2039,拳
2040,粉
2041,料
2042,益
2043,兼
2044,烤
2045,烘
2046,烦
2047,烧
2048,烛
2049,烟
2050,烙
2051,递
2052,涛
2053,浙
2054,涝
2055,浦
2056,酒
2057,涉
2058,消
2059,涡
2060,浩
2061,海
2062,涂
2063,浴
2064,浮
2065,涣
2066,涤
2067,流
2068,润
2069,涧
2070,涕
2071,浪
2072,浸
2073,涨
2074,烫
2075,涩
2076,涌
2077,悟
2078,悄
2079,悍
2080,悔
2081,悯
2082,悦
2083,害
2084,宽
2085,家
2086,宵
2087,宴
2088,宾
2089,窍
2090,窄
2091,容
2092,宰
2093,案
2094,请
2095,朗
2096,诸
2097,诺
2098,读
2099,扇
2100,诽
2101,袜
2102,袒
2103,袖
2104,袍
2105,被
2106,祥
2107,课
2108,谁
2109,调
2110,冤
2111,谅
2112,谆
2113,谈
2114,谊
2115,剥
2116,恳
2117,展
2118,剧
2119,屑
2120,弱
2121,陵
2122,祟
2123,陶
2124,陷
2125,陪
2126,娱
2127,恕
2128,娩
2129,娘
2130,通
2131,能
2132,难
2133,预
2134,桑
2135,绢
2136,绣
2137,验
2138,继
2139,骏
2140,球
2141,琐
2142,理
2143,麸
2144,琉
2145,琅
2146,捧
2147,堵
2148,措
2149,描
2150,域
2151,捺
2152,掩
2153,捷
2154,排
2155,掉
2156,捶
2157,赦
2158,推
2159,堆
2160,埠
2161,掀
2162,授
2163,捻
2164,教
2165,掏
2166,掐
2167,掠
2168,掂
2169,掖
2170,培
2171,接
2172,掷
2173,掸
2174,控
2175,探
2176,据
2177,掘
2178,掺
2179,职
2180,基
2181,勘
2182,聊
2183,娶
2184,著
2185,菱
2186,勒
2187,黄
2188,菲
2189,萌
2190,萝
2191,菌
2192,萎
2193,菜
2194,萄
2195,菊
2196,菩
2197,萍
2198,菠
2199,萤
2200,营
2201,乾
2202,萧
2203,萨
2204,菇
2205,械
2206,彬
2207,梦
2208,梗
2209,梧
2210,梢
2211,梅
2212,检
2213,梳
2214,梯
2215,桶
2216,梭
2217,救
2218,曹
2219,副
2220,票
2221,酝
2222,酗
2223,厢
2224,戚
2225,硅
2226,硕
2227,奢
2228,盔
2229,爽
2230,聋
2231,袭
2232,盛
2233,匾
2234,雪
2235,辅
2236,辆
2237,颅
2238,虚
2239,彪
2240,雀
2241,堂
2242,常
2243,眶
2244,匙
2245,晤
2246,晨
2247,睁
2248,眯
2249,眼
2250,悬
2251,野
2252,啦
2253,曼
2254,晦
2255,冕
2256,晚
2257,啄
2258,啡
2259,畦
2260,距
2261,趾
2262,啃
2263,跃
2264,略
2265,蛆
2266,蚯
2267,蛉
2268,蛀
2269,蛇
2270,唬
2271,累
2272,唱
2273,患
2274,啰
2275,唾
2276,唯
2277,啤
2278,啥
2279,啸
2280,崖
2281,崎
2282,崭
2283,逻
2284,崔
2285,崩
2286,崇
2287,婴
2288,赊
2289,圈
2290,铐
2291,铛
2292,铝
2293,铜
2294,铡
2295,铣
2296,铭
2297,铲
2298,银
2299,矫
2300,甜
2301,秸
2302,梨
2303,犁
2304,秽
2305,移
2306,笨
2307,笼
2308,笛
2309,笙
2310,符
2311,第
2312,笤
2313,敏
2314,做
2315,袋
2316,悠
2317,偿
2318,偶
2319,偎
2320,傀
2321,偷
2322,您
2323,售
2324,停
2325,偏
2326,躯
2327,兜
2328,假
2329,衅
2330,徘
2331,徙
2332,得
2333,衔
2334,盘
2335,舶
2336,船
2337,舷
2338,舵
2339,斜
2340,盒
2341,鸽
2342,敛
2343,悉
2344,欲
2345,彩
2346,领
2347,翎
2348,脚
2349,脖
2350,脯
2351,脸
2352,脱
2353,象
2354,够
2355,逸
2356,猜
2357,猪
2358,猎
2359,猫
2360,凰
2361,猖
2362,猛
2363,祭
2364,馅
2365,馆
2366,凑
2367,减
2368,毫
2369,烹
2370,庶
2371,麻
2372,庵
2373,痊
2374,痒
2375,痕
2376,廊
2377,康
2378,庸
2379,鹿
2380,盗
2381,章
2382,竟
2383,商
2384,族
2385,旋
2386,望
2387,率
2388,阎
2389,阐
2390,着
2391,盖
2392,眷
2393,粘
2394,粗
2395,粒
2396,断
2397,剪
2398,兽
2399,焊
2400,焕
2401,清
2402,添
2403,鸿
2404,淋
2405,涯
2406,淹
2407,渠
2408,渐
2409,淑
2410,淌
2411,混
2412,淮
2413,淆
2414,渊
2415,淫
2416,渔
2417,淘
2418,淳
2419,液
2420,淤
2421,淡
2422,淀
2423,深
2424,涮
2425,涵
2426,婆
2427,梁
2428,渗
2429,情
2430,惜
2431,惭
2432,悼
2433,惧
2434,惕
2435,惊
2436,惦
2437,悴
2438,惋
2439,惨
2440,惯
2441,寇
2442,寄
2443,寂
2444,宿
2445,窒
2446,窑
2447,密
2448,谋
2449,谍
2450,谎
2451,谐
2452,裆
2453,袱
2454,祷
2455,祸
2456,谒
2457,谓
2458,谚
2459,谜
2460,逮
2461,敢
2462,尉
2463,屠
2464,弹
2465,堕
2466,随
2467,蛋
2468,隅
2469,隆
2470,隐
2471,婚
2472,婶
2473,婉
2474,颇
2475,颈
2476,绩
2477,绪
2478,续
2479,骑
2480,绰
2481,绳
2482,维
2483,绵
2484,绷
2485,绸
2486,综
2487,绽
2488,绿
2489,缀
2490,巢
2491,琴
2492,琳
2493,琢
2494,琼
2495,斑
2496,替
2497,揍
2498,款
2499,堪
2500,塔
2501,搭
2502,堰
2503,揩
2504,越
2505,趁
2506,趋
2507,超
2508,揽
2509,堤
2510,提
2511,揖
2512,博
2513,揭
2514,喜
2515,彭
2516,揣
2517,插
2518,揪
2519,搜
2520,煮
2521,援
2522,搀
2523,裁
2524,搁
2525,搓
2526,搂
2527,搅
2528,壹
2529,握
2530,搔
2531,揉
2532,斯
2533,期
2534,欺
2535,联
2536,葫
2537,散
2538,惹
2539,葬
2540,募
2541,葛
2542,董
2543,葡
2544,敬
2545,葱
2546,蒋
2547,蒂
2548,落
2549,韩
2550,朝
2551,辜
2552,葵
2553,棒
2554,棱
2555,棋
2556,椰
2557,植
2558,森
2559,焚
2560,椅
2561,椒
2562,棵
2563,棍
2564,椎
2565,棉
2566,棚
2567,棕
2568,棺
2569,榔
2570,椭
2571,惠
2572,惑
2573,逼
2574,粟
2575,棘
2576,酣
2577,酥
2578,厨
2579,厦
2580,硬
2581,硝
2582,确
2583,硫
2584,雁
2585,殖
2586,裂
2587,雄
2588,颊
2589,雳
2590,暂
2591,雅
2592,翘
2593,辈
2594,悲
2595,紫
2596,凿
2597,辉
2598,敞
2599,棠
2600,赏
2601,掌
2602,晴
2603,暑
2604,最
2605,晰
2606,量
2607,鼎
2608,喷
2609,喳
2610,晶
2611,喇
2612,遇
2613,喊
2614,遏
2615,晾
2616,景
2617,畴
2618,践
2619,跋
2620,跌
2621,跑
2622,跛
2623,遗
2624,蛙
2625,蛔
2626,蛛
2627,蜓
2628,蜒
2629,蛤
2630,喝
2631,鹃
2632,喂
2633,喘
2634,喉
2635,喻
2636,啼
2637,喧
2638,嵌
2639,幅
2640,帽
2641,赋
2642,赌
2643,赎
2644,赐
2645,赔
2646,黑
2647,铸
2648,铺
2649,链
2650,销
2651,锁
2652,锄
2653,锅
2654,锈
2655,锉
2656,锋
2657,锌
2658,锐
2659,甥
2660,掰
2661,短
2662,智
2663,氮
2664,毯
2665,氯
2666,鹅
2667,剩
2668,稍
2669,程
2670,稀
2671,黍
2672,税
2673,筐
2674,等
2675,筑
2676,策
2677,筛
2678,筒
2679,筏
2680,答
2681,筋
2682,筝
2683,傲
2684,傅
2685,牍
2686,牌
2687,堡
2688,集
2689,焦
2690,傍
2691,储
2692,粤
2693,奥
2694,街
2695,惩
2696,御
2697,循
2698,艇
2699,舒
2700,逾
2701,番
2702,释
2703,禽
2704,腊
2705,腌
2706,脾
2707,腋
2708,腔
2709,腕
2710,鲁
2711,猩
2712,猬
2713,猾
2714,猴
2715,惫
2716,然
2717,馋
2718,装
2719,蛮
2720,就
2721,敦
2722,痘
2723,痢
2724,痪
2725,痛
2726,童
2727,竣
2728,阔
2729,善
2730,翔
2731,羡
2732,普
2733,粪
2734,尊
2735,奠
2736,道
2737,遂
2738,曾
2739,焰
2740,焙
2741,港
2742,滞
2743,湖
2744,湘
2745,渣
2746,渤
2747,渺
2748,湿
2749,温
2750,渴
2751,溃
2752,溅
2753,滑
2754,湃
2755,湾
2756,渡
2757,游
2758,滋
2759,溉
2760,愤
2761,慌
2762,惰
2763,愕
2764,惶
2765,愧
2766,愉
2767,慨
2768,割
2769,寒
2770,富
2771,寓
2772,窜
2773,窝
2774,窖
2775,窗
2776,窘
2777,遍
2778,雇
2779,裕
2780,裤
2781,裙
2782,谢
2783,谣
2784,谤
2785,谦
2786,犀
2787,属
2788,屡
2789,强
2790,粥
2791,疏
2792,隔
2793,隙
2794,隘
2795,媒
2796,絮
2797,嫂
2798,媚
2799,婿
2800,登
2801,缅
2802,缆
2803,缎
2804,缓
2805,缔
2806,缕
2807,骗
2808,编
2809,骚
2810,缘
2811,瑟
2812,鹉
2813,瑞
2814,瑰
2815,魂
2816,肆
2817,摄
2818,摸
2819,填
2820,搏
2821,塌
2822,鼓
2823,摆
2824,携
2825,搬
2826,摇
2827,搞
2828,塘
2829,搪
2830,摊
2831,聘
2832,斟
2833,蒜
2834,勤
2835,靴
2836,靶
2837,鹊
2838,蓝
2839,墓
2840,幕
2841,蓖
2842,蓬
2843,蒿
2844,蓄
2845,蒲
2846,蓉
2847,蒙
2848,蒸
2849,献
2850,楔
2851,椿
2852,禁
2853,楚
2854,楷
2855,榄
2856,想
2857,楞
2858,槐
2859,榆
2860,楼
2861,概
2862,楣
2863,赖
2864,酪
2865,酬
2866,感
2867,碍
2868,碘
2869,碑
2870,硼
2871,碉
2872,碎
2873,碰
2874,碗
2875,碌
2876,雷
2877,零
2878,雾
2879,雹
2880,辐
2881,辑
2882,输
2883,督
2884,频
2885,龄
2886,鉴
2887,睛
2888,睹
2889,睦
2890,瞄
2891,睡
2892,睬
2893,嗜
2894,鄙
2895,嗦
2896,愚
2897,暖
2898,盟
2899,歇
2900,暗
2901,暇
2902,照
2903,畸
2904,跨
2905,跷
2906,跳
2907,跺
2908,跪
2909,路
2910,跟
2911,遣
2912,蜈
2913,蜗
2914,蛾
2915,蜂
2916,蜕
2917,蛹
2918,嗅
2919,嗡
2920,嗤
2921,嗓
2922,署
2923,置
2924,罪
2925,罩
2926,蜀
2927,幌
2928,错
2929,锚
2930,锡
2931,锣
2932,锤
2933,锥
2934,锦
2935,锨
2936,锭
2937,键
2938,锯
2939,锰
2940,矮
2941,辞
2942,稚
2943,稠
2944,颓
2945,愁
2946,筹
2947,签
2948,简
2949,筷
2950,毁
2951,舅
2952,鼠
2953,催
2954,傻
2955,像
2956,躲
2957,魁
2958,衙
2959,微
2960,愈
2961,遥
2962,腻
2963,腰
2964,腥
2965,腮
2966,腹
2967,腺
2968,鹏
2969,腾
2970,腿
2971,肄
2972,猿
2973,颖
2974,触
2975,解
2976,煞
2977,雏
2978,馍
2979,馏
2980,酱
2981,禀
2982,痹
2983,廓
2984,痴
2985,痰
2986,廉
2987,靖
2988,新
2989,韵
2990,意
2991,誊
2992,粮
2993,数
2994,煎
2995,塑
2996,慈
2997,煤
2998,煌
2999,满
3000,漠
3001,源
3002,滤
3003,滥
3004,滔
3005,溪
3006,溜
3007,漓
3008,滚
3009,溢
3010,溯
3011,滨
3012,溶
3013,滓
3014,溺
3015,粱
3016,滩
3017,慎
3018,誉
3019,塞
3020,寞
3021,窥
3022,窟
3023,寝
3024,谨
3025,褂
3026,裸
3027,福
3028,谬
3029,群
3030,殿
3031,辟
3032,障
3033,媳
3034,嫉
3035,嫌
3036,嫁
3037,叠
3038,缚
3039,缝
3040,缠
3041,缤
3042,剿
3043,静
3044,碧
3045,璃
3046,赘
3047,熬
3048,墙
3049,嘉
3050,摧
3051,赫
3052,截
3053,誓
3054,境
3055,摘
3056,摔
3057,撇
3058,聚
3059,蔫
3060,慕
3061,暮
3062,摹
3063,蔓
3064,蔑
3065,蔗
3066,蔽
3067,蔼
3068,熙
3069,蔚
3070,兢
3071,榛
3072,模
3073,榴
3074,榜
3075,榨
3076,榕
3077,歌
3078,遭
3079,酵
3080,酷
3081,酿
3082,酸
3083,碟
3084,碴
3085,碱
3086,碳
3087,磁
3088,愿
3089,需
3090,辕
3091,辖
3092,雌
3093,裳
3094,颗
3095,墅
3096,嗽
3097,嘁
3098,踊
3099,蜻
3100,蜡
3101,蝇
3102,蜘
3103,蝉
3104,嘀
3105,幔
3106,赚
3107,锹
3108,锻
3109,镀
3110,舞
3111,舔
3112,稳
3113,熏
3114,箍
3115,箕
3116,算
3117,箩
3118,管
3119,箫
3120,舆
3121,僚
3122,僧
3123,鼻
3124,魄
3125,貌
3126,膜
3127,膊
3128,膀
3129,鲜
3130,疑
3131,孵
3132,馒
3133,裹
3134,敲
3135,豪
3136,膏
3137,遮
3138,腐
3139,瘩
3140,瘟
3141,瘦
3142,辣
3143,彰
3144,竭
3145,端
3146,旗
3147,精
3148,粹
3149,歉
3150,弊
3151,熄
3152,熔
3153,漆
3154,漱
3155,漂
3156,漫
3157,滴
3158,漩
3159,漾
3160,演
3161,漏
3162,慢
3163,慷
3164,寨
3165,赛
3166,寡
3167,察
3168,蜜
3169,寥
3170,谭
3171,褐
3172,褪
3173,谱
3174,隧
3175,嫩
3176,嫡
3177,翠
3178,熊
3179,凳
3180,骡
3181,缨
3182,缩
3183,慧
3184,撵
3185,撕
3186,撒
3187,撩
3188,趣
3189,趟
3190,撑
3191,撮
3192,撬
3193,播
3194,擒
3195,墩
3196,撞
3197,撤
3198,增
3199,撰
3200,聪
3201,鞋
3202,鞍
3203,蕉
3204,蕊
3205,蔬
3206,蕴
3207,横
3208,槽
3209,樱
3210,樊
3211,橡
3212,樟
3213,橄
3214,敷
3215,豌
3216,飘
3217,醋
3218,醇
3219,醉
3220,磕
3221,磅
3222,碾
3223,震
3224,霉
3225,瞒
3226,题
3227,暴
3228,瞎
3229,嘶
3230,嘲
3231,嘹
3232,影
3233,踢
3234,踏
3235,踩
3236,踪
3237,蝶
3238,蝴
3239,蝠
3240,蝎
3241,蝌
3242,蝗
3243,蝙
3244,嘿
3245,嘱
3246,幢
3247,墨
3248,镊
3249,镇
3250,镐
3251,靠
3252,稽
3253,稻
3254,黎
3255,稿
3256,稼
3257,箱
3258,篓
3259,箭
3260,篇
3261,僵
3262,躺
3263,僻
3264,德
3265,艘
3266,膝
3267,膘
3268,膛
3269,鲤
3270,鲫
3271,熟
3272,摩
3273,褒
3274,瘪
3275,瘤
3276,瘫
3277,凛
3278,颜
3279,毅
3280,糊
3281,遵
3282,憋
3283,潜
3284,澎
3285,潮
3286,潭
3287,潦
3288,澳
3289,潘
3290,澈
3291,澜
3292,澄
3293,懂
3294,憔
3295,懊
3296,憎
3297,额
3298,翩
3299,褥
3300,谴
3301,鹤
3302,憨
3303,慰
3304,劈
3305,履
3306,嬉
3307,豫
3308,缭
3309,撼
3310,擂
3311,操
3312,擅
3313,燕
3314,蕾
3315,薯
3316,薛
3317,薇
3318,擎
3319,薪
3320,薄
3321,颠
3322,翰
3323,噩
3324,橱
3325,橙
3326,橘
3327,整
3328,融
3329,瓢
3330,醒
3331,磺
3332,霍
3333,霎
3334,辙
3335,冀
3336,餐
3337,嘴
3338,踱
3339,蹄
3340,蹂
3341,蟆
3342,螃
3343,螟
3344,器
3345,噪
3346,鹦
3347,赠
3348,默
3349,黔
3350,镜
3351,赞
3352,穆
3353,篮
3354,篡
3355,篷
3356,篙
3357,篱
3358,儒
3359,邀
3360,衡
3361,膨
3362,膳
3363,雕
3364,鲸
3365,磨
3366,瘾
3367,瘸
3368,凝
3369,辨
3370,辩
3371,糙
3372,糖
3373,糕
3374,燎
3375,燃
3376,濒
3377,澡
3378,激
3379,懒
3380,憾
3381,懈
3382,窿
3383,壁
3384,避
3385,缰
3386,缴
3387,戴
3388,壕
3389,擦
3390,鞠
3391,藏
3392,藐
3393,檬
3394,檐
3395,檩
3396,檀
3397,礁
3398,磷
3399,霜
3400,霞
3401,瞭
3402,瞧
3403,瞬
3404,瞳
3405,瞪
3406,曙
3407,蹋
3408,蹈
3409,螺
3410,蟋
3411,蟀
3412,嚎
3413,赡
3414,镣
3415,穗
3416,魏
3417,簇
3418,繁
3419,儡
3420,徽
3421,爵
3422,朦
3423,臊
3424,鳄
3425,糜
3426,癌
3427,辫
3428,赢
3429,糟
3430,糠
3431,燥
3432,懦
3433,豁
3434,臀
3435,臂
3436,翼
3437,骤
3438,藕
3439,鞭
3440,藤
3441,覆
3442,瞻
3443,蹦
3444,嚣
3445,镰
3446,翻
3447,鳍
3448,鹰
3449,癞
3450,瀑
3451,襟
3452,璧
3453,戳
3454,攒
3455,孽
3456,警
3457,蘑
3458,藻
3459,攀
3460,蹲
3461,蹭
3462,蹬
3463,簸
3464,簿
3465,蟹
3466,颤
3467,靡
3468,癣
3469,瓣
3470,羹
3471,鳖
3472,爆
3473,疆
3474,鬓
3475,壤
3476,攘
3477,耀
3478,躁
3479,蠕
3480,嚼
3481,嚷
3482,巍
3483,籍
3484,鳞
3485,魔
3486,糯
3487,灌
3488,譬
3489,蠢
3490,霸
3491,露
3492,霹
3493,躏
3494,髓
3495,蘸
3496,囊
3497,镶
3498,瓤
3499,罐
3500,矗